{
  "norm_stats": {
    "state": {
      "mean": [
        0.739698052406311,
        -0.7163753509521484,
        -1.5249110460281372,
        -1.5383305549621582,
        0.2774069607257843,
        -0.92498379945755,
        -0.8394129872322083,
        0.09632514417171478,
        -0.6836718320846558,
        -0.15858712792396545,
        -1.310155987739563,
        -1.0478947162628174,
        -0.15311652421951294,
        0.17010660469532013,
        0.0,
        0.0,
        0.0,
        0.0,
        0.0,
        0.0,
        -0.00030096794944256544,
        0.0,
        0.0,
        0.0,
        0.0,
        0.0,
        0.0,
        0.0,
        0.0,
        0.0,
        0.0,
        0.0
      ],
      "std": [
        0.006413049530237913,
        0.006314705591648817,
        0.006712757516652346,
        0.005798018537461758,
        0.005957731511443853,
        0.005833888426423073,
        0.005803156178444624,
        0.3141854703426361,
        0.33786293864250183,
        0.6052364706993103,
        0.4311303496360779,
        0.5258017182350159,
        0.5003577470779419,
        0.43089213967323303,
        0.0,
        0.0,
        0.0,
        0.0,
        0.0,
        0.0,
        0.0015101348981261253,
        0.0,
        0.0,
        0.0,
        0.0,
        0.0,
        0.0,
        0.0,
        0.0,
        0.0,
        0.0,
        0.0
      ],
      "q01": [
        0.7264805463790893,
        -0.7271165607213974,
        -1.5395673033475876,
        -1.5504147782325746,
        0.2676342266201973,
        -0.9356535492300987,
        -0.8491935724020004,
        -0.7480861792564392,
        -1.4559167795389891,
        -0.8836360731124877,
        -1.9733410734176635,
        -1.9775237314105034,
        -0.9775611162185669,
        -0.9910491536140442,
        0.0,
        0.0,
        0.0,
        0.0,
        0.0,
        0.0,
        -0.005151967660523951,
        0.0,
        0.0,
        0.0,
        0.0,
        0.0,
        0.0,
        0.0,
        0.0,
        0.0,
        0.0,
        0.0
      ],
      "q99": [
        0.7540381783485413,
        -0.7027761016368866,
        -1.512543754196167,
        -1.527637286901474,
        0.2878718945026398,
        -0.915781895005703,
        -0.829695868730545,
        0.6323898258209228,
        -0.11991133686602118,
        1.5302720365524292,
        -0.14982391805648798,
        0.021945041346549843,
        0.5510125903844834,
        0.8483332159519192,
        0.0,
        0.0,
        0.0,
        0.0,
        0.0,
        0.0,
        0.004726728604640811,
        0.0,
        0.0,
        0.0,
        0.0,
        0.0,
        0.0,
        0.0,
        0.0,
        0.0,
        0.0,
        0.0
      ]
    },
    "actions": {
      "mean": [
        -1.148595970335009e-6,
        9.356808732263744e-6,
        3.3413793971703853e-6,
        6.1020682551315986e-6,
        0.00001101801262848312,
        -3.3743015137588372e-6,
        0.00001372744191030506,
        0.03338838741183281,
        0.010291755199432373,
        -0.056546539068222046,
        0.0034070645924657583,
        -0.005175360944122076,
        0.00447255652397871,
        -0.03657848387956619,
        0.3333597779273987,
        0.5331274271011353,
        0.0,
        0.0,
        0.0,
        0.0,
        -0.00030729849822819233,
        0.0,
        0.0,
        0.0,
        0.0,
        0.0,
        0.0,
        0.0,
        0.0,
        0.0,
        0.0,
        0.0
      ],
      "std": [
        0.002250009449198842,
        0.0015685672406107187,
        0.002151127904653549,
        0.0013043838553130627,
        0.0007607495062984526,
        0.0005638125585392118,
        0.0005993288941681385,
        0.11518246680498123,
        0.17519816756248474,
        0.20700852572917938,
        0.2433721125125885,
        0.26208966970443726,
        0.2283743917942047,
        0.2236524522304535,
        0.0,
        0.3120976686477661,
        0.0,
        0.0,
        0.0,
        0.0,
        0.0015321180690079927,
        0.0,
        0.0,
        0.0,
        0.0,
        0.0,
        0.0,
        0.0,
        0.0,
        0.0,
        0.0,
        0.0
      ],
      "q01": [
        -0.008045278191566467,
        -0.005423195540904998,
        -0.007776963233947754,
        -0.004680733013153076,
        -0.0027194424033164977,
        -0.001973944902420044,
        -0.0004401552677154541,
        -0.19685508080720898,
        -0.42029559844732284,
        -1.0087769518852234,
        -1.0114675269603728,
        -0.961666792011261,
        -0.8336000850677491,
        -0.9134659399986267,
        0.33298120943903925,
        0.16372026784403135,
        0.0,
        0.0,
        0.0,
        0.0,
        -0.005392233715951443,
        0.0,
        0.0,
        0.0,
        0.0,
        0.0,
        0.0,
        0.0,
        0.0,
        0.0,
        0.0,
        0.0
      ],
      "q99": [
        0.008250661420822144,
        0.005800269246101379,
        0.007637986660003662,
        0.004655086350440979,
        0.0026067668557167058,
        0.0020896427154541014,
        0.0004199057817459108,
        0.495011410176754,
        0.6854810315370561,
        0.35958038110733037,
        0.7723936849117279,
        0.7815869829177857,
        0.8682120634078978,
        0.49149885029792784,
        0.3337225487947464,
        0.9998000765641512,
        0.0,
        0.0,
        0.0,
        0.0,
        0.004389682468399405,
        0.0,
        0.0,
        0.0,
        0.0,
        0.0,
        0.0,
        0.0,
        0.0,
        0.0,
        0.0,
        0.0
      ]
    },
    "coarse_actions": {
      "mean": [
        0.000025830719096120447,
        0.000039101028960430995,
        -0.000029549782993854024,
        -0.00001461436022509588,
        -2.502232518963865e-6,
        6.2668991631653626e-6,
        0.000017124235455412418,
        0.06025425344705582,
        0.013495014049112797,
        -0.09853865206241608,
        0.013774996623396873,
        0.00829487293958664,
        -0.005858387798070908,
        -0.06310263276100159,
        0.3333631753921509,
        0.534266471862793,
        0.0,
        0.0,
        0.0,
        0.0,
        -0.00032492901664227247,
        0.0,
        0.0,
        0.0,
        0.0,
        0.0,
        0.0,
        0.0,
        0.0,
        0.0,
        0.0,
        0.0
      ],
      "std": [
        0.00293723214417696,
        0.0020412947051227093,
        0.00280573102645576,
        0.0017056488431990147,
        0.0009562918567098677,
        0.0007294387905858457,
        0.0007174808415584266,
        0.18325380980968475,
        0.271001398563385,
        0.3376995623111725,
        0.3695503771305084,
        0.392779141664505,
        0.3537060618400574,
        0.2901257872581482,
        0.0,
        0.3128872811794281,
        0.0,
        0.0,
        0.0,
        0.0,
        0.0015410977648571134,
        0.0,
        0.0,
        0.0,
        0.0,
        0.0,
        0.0,
        0.0,
        0.0,
        0.0,
        0.0,
        0.0
      ],
      "q01": [
        -0.009572600507736206,
        -0.006333568274974823,
        -0.009561941146850586,
        -0.005695134401321411,
        -0.0032271626234054566,
        -0.0023329708099365234,
        -0.0005415512084960938,
        -0.27374463443756103,
        -0.6404362105727196,
        -1.4622360033988953,
        -1.3107793027162553,
        -1.269035203552246,
        -1.1639906133651734,
        -0.9999400156736373,
        0.33299238995313646,
        0.1584,
        0.0,
        0.0,
        0.0,
        0.0,
        -0.005355101122148335,
        0.0,
        0.0,
        0.0,
        0.0,
        0.0,
        0.0,
        0.0,
        0.0,
        0.0,
        0.0,
        0.0
      ],